timestamp;value
2022-04-26 15:06:10;0.19
2022-04-26 17:06:10;0.24
2022-04-26 19:06:09;0.28
2022-04-26 21:06:10;0.28
2022-04-26 23:06:09;0.28
2022-04-27 01:06:10;0.25
2022-04-27 03:06:12;0.26
2022-04-27 05:06:12;0.19
2022-04-27 07:06:12;0.28
2022-04-27 09:06:11;0.26
2022-04-27 11:06:11;0.24
2022-04-27 13:06:09;0.23
2022-04-27 15:06:08;0.1
2022-04-27 17:06:09;0.19
2022-04-27 19:06:08;0.29
2022-04-27 21:06:09;0.35
2022-04-27 23:06:09;0.27
2022-04-28 01:06:09;0.26
2022-04-28 03:06:12;0.2
2022-04-28 05:06:12;0.11
2022-04-28 07:06:12;0.21
2022-04-28 09:06:11;0.29
2022-04-28 11:06:11;0.28
2022-04-28 13:06:09;0.22
2022-04-28 15:06:09;0.21
2022-04-28 17:06:08;0.32
2022-04-28 19:06:09;0.33
2022-04-28 21:06:08;0.26
2022-04-28 23:06:09;0.22
2022-04-29 01:06:09;0.23
2022-04-29 03:06:11;0.32
2022-04-29 05:06:11;0.32
2022-04-29 07:06:11;0.21
2022-04-29 09:06:10;0.3
2022-04-29 11:06:09;0.23
2022-04-29 13:06:09;0.31
2022-04-29 15:06:08;0.12
2022-04-29 17:06:07;0.25
2022-04-29 19:06:07;0.33
2022-04-29 21:06:08;0.3
2022-04-29 23:06:08;0.33
2022-04-30 01:06:08;0.42
2022-04-30 03:06:12;0.15
2022-04-30 05:06:11;0.29
2022-04-30 07:06:11;0.33
2022-04-30 09:06:10;0.28
2022-04-30 11:06:09;0.12
2022-04-30 13:06:09;0.19
2022-04-30 15:06:08;0.22
2022-04-30 17:06:07;0.33
2022-04-30 19:06:07;0.35
2022-04-30 21:06:08;0.19
2022-04-30 23:06:08;0.29
2022-05-01 01:06:08;0.24
2022-05-01 03:06:12;0.25
2022-05-01 05:06:12;0.26
2022-05-01 07:06:12;0.25
2022-05-01 09:06:10;0.11
2022-05-01 11:06:10;0.26
2022-05-01 13:06:08;0.12
2022-05-01 15:06:07;0.22
2022-05-01 17:06:08;0.28
2022-05-01 19:06:07;0.19
2022-05-01 21:06:08;0.35
2022-05-01 23:06:07;0.33
2022-05-02 01:06:08;0.37
2022-05-02 03:06:12;0.3
2022-05-02 05:06:11;0.23
2022-05-02 07:06:11;0.25
2022-05-02 09:06:11;0.34
2022-05-02 11:06:10;0.19
2022-05-02 13:06:09;0.22
2022-05-02 15:06:09;0.22
2022-05-02 17:06:08;0.23
2022-05-02 19:06:08;0.33
2022-05-02 21:06:08;0.35
2022-05-02 23:06:08;0.32
2022-05-03 01:06:08;0.19
2022-05-03 03:06:11;0.19
2022-05-03 05:06:11;0.32
2022-05-03 07:06:11;0.29
2022-05-03 09:06:10;0.15
2022-05-03 11:06:09;0.2
2022-05-03 13:06:08;0.31
2022-05-03 15:06:07;0.19
2022-05-03 17:06:07;0.23
2022-05-03 19:06:07;0.27
2022-05-03 21:06:07;0.28
2022-05-03 23:06:07;0.26
2022-05-04 01:06:07;0.23
2022-05-04 03:06:12;0.24
2022-05-04 05:06:12;0.3
2022-05-04 07:06:11;0.22
2022-05-04 09:06:10;0.29
2022-05-04 11:06:10;0.11
2022-05-04 13:06:09;0.22
2022-05-04 15:06:09;0.3
2022-05-04 17:06:09;0.25
2022-05-04 19:06:08;0.29
2022-05-04 21:06:09;0.26
2022-05-04 23:06:09;0.27
2022-05-05 01:06:09;0.29
2022-05-05 03:06:11;0.23
2022-05-05 05:06:11;0.16
2022-05-05 07:06:11;0.26
2022-05-05 09:06:10;0.31
2022-05-05 11:06:09;0.32
2022-05-05 13:06:09;0.25
2022-05-05 15:06:08;0.22
2022-05-05 17:06:08;0.37
2022-05-05 19:06:08;0.35
2022-05-05 21:06:08;0.28
2022-05-05 23:06:08;0.31
2022-05-06 01:06:08;0.24
2022-05-06 03:06:12;0.33
2022-05-06 05:06:13;0.43
2022-05-06 07:06:12;0.05
2022-05-06 09:06:12;0.09
2022-05-06 11:06:11;0.28
2022-05-06 13:06:10;0.2
2022-05-06 15:06:08;0.11
2022-05-06 17:06:08;0.24
2022-05-06 19:06:08;0.17
2022-05-06 21:06:09;0.36
2022-05-06 23:06:09;0.1
2022-05-07 01:06:08;0.34
2022-05-07 03:06:13;0.31
2022-05-07 05:06:13;0.31
2022-05-07 07:06:12;0.37
2022-05-07 09:06:11;0.25
2022-05-07 11:06:11;0.13
2022-05-07 13:06:10;0.25
2022-05-07 15:06:10;0.23
2022-05-07 17:06:08;0.06
2022-05-07 19:06:08;0.32
2022-05-07 21:06:09;0.32
2022-05-07 23:06:09;0.25
2022-05-08 01:06:09;0.27
2022-05-08 03:06:11;0.27
2022-05-08 05:06:11;0.28
2022-05-08 07:06:11;0.28
2022-05-08 09:06:11;0.33
2022-05-08 11:06:10;0.25
2022-05-08 13:06:09;0.17
2022-05-08 15:06:08;0.32
2022-05-08 17:06:08;0.24
2022-05-08 19:06:07;0.38
2022-05-08 21:06:07;0.29
2022-05-08 23:06:08;0.21
2022-05-09 01:06:08;0.14
2022-05-09 03:06:12;0.28
2022-05-09 05:06:12;0.33
2022-05-09 07:06:11;0.28
2022-05-09 09:06:11;0.29
2022-05-09 11:06:10;0.23
2022-05-09 13:06:09;0.15
2022-05-09 15:06:08;0.25
2022-05-09 17:06:07;0.19
2022-05-09 19:06:08;0.29
2022-05-09 21:06:08;0.27
2022-05-09 23:06:08;0.12
2022-05-10 01:06:08;0.2
2022-05-10 03:06:11;0.28
2022-05-10 05:06:10;0.31
2022-05-10 07:06:10;0.21
2022-05-10 09:06:09;0.16
2022-05-10 11:06:08;0.1
2022-05-10 13:06:07;0.22
2022-05-10 15:06:06;0.18
2022-05-10 17:06:07;0.14
2022-05-10 19:06:06;0.24
2022-05-10 21:06:07;0.27
2022-05-10 23:06:07;0.36
2022-05-11 01:06:07;0.24
2022-05-11 03:06:12;0.21
2022-05-11 05:06:11;0.17
2022-05-11 07:06:12;0.29
2022-05-11 09:06:11;0.27
2022-05-11 11:06:10;0.07
2022-05-11 13:06:10;0.23
2022-05-11 15:06:09;0.14
2022-05-11 17:06:08;0.19
2022-05-11 19:06:08;0.25
2022-05-11 21:06:09;0.26
2022-05-11 23:06:08;0.31
2022-05-12 01:06:08;0.2
2022-05-12 03:06:12;0.16
2022-05-12 05:06:13;0.34
2022-05-12 07:06:13;0.26
2022-05-12 09:06:11;0.26
2022-05-12 11:06:10;0.17
2022-05-12 13:06:09;0.18
2022-05-12 15:06:09;0.13
2022-05-12 17:06:09;0.3
2022-05-12 19:06:08;0.25
2022-05-12 21:06:09;0.26
2022-05-12 23:06:09;0.27
2022-05-13 01:06:08;0.12
2022-05-13 03:06:11;0.14
2022-05-13 05:06:12;0.2
2022-05-13 07:06:12;0.27
2022-05-13 09:06:11;0.33
2022-05-13 11:06:10;0.19
2022-05-13 13:06:09;0.04
2022-05-13 15:06:08;0.18
2022-05-13 17:06:07;0.28
2022-05-13 19:06:07;0.35
2022-05-13 21:06:08;0.35
2022-05-13 23:06:08;0.34
2022-05-14 01:06:08;0.21
2022-05-14 03:06:11;0.29
2022-05-14 05:06:11;0.29
2022-05-14 07:06:12;0.28
2022-05-14 09:06:11;0.19
2022-05-14 11:06:09;0.22
2022-05-14 13:06:09;0.18
2022-05-14 15:06:08;0.2
2022-05-14 17:06:08;0.32
2022-05-14 19:06:08;0.25
2022-05-14 21:06:08;0.2
2022-05-14 23:06:08;0.12
2022-05-15 01:06:08;0.22
2022-05-15 03:06:12;0.3
2022-05-15 05:06:12;0.32
2022-05-15 07:06:11;0.26
2022-05-15 09:06:11;0.25
2022-05-15 11:06:10;0.23
2022-05-15 13:06:08;0.19
2022-05-15 15:06:08;0.2
2022-05-15 17:06:08;0.18
2022-05-15 19:06:08;0.32
2022-05-15 21:06:08;0.33
2022-05-15 23:06:08;0.26
2022-05-16 01:06:08;0.25
2022-05-16 03:06:12;0.21
2022-05-16 05:06:11;0.2
2022-05-16 07:06:11;0.31
2022-05-16 09:06:10;0.34
2022-05-16 11:06:10;0.31
2022-05-16 13:06:09;0.15
2022-05-16 15:06:09;0.14
2022-05-16 17:06:08;0.28
2022-05-16 19:06:07;0.36
2022-05-16 21:06:07;0.26
2022-05-16 23:06:08;0.21
2022-05-17 01:06:08;0.09
2022-05-17 03:06:12;0.3
2022-05-17 05:06:11;0.26
2022-05-17 07:06:11;0.32
2022-05-17 09:06:10;0.08
2022-05-17 11:06:09;0.17
2022-05-17 13:06:09;0.16
2022-05-17 15:06:08;0.17
2022-05-17 17:06:08;0.35
2022-05-17 19:06:07;0.24
2022-05-17 21:06:08;0.19
2022-05-17 23:06:08;0.33
2022-05-18 01:06:07;0.23
2022-05-18 03:06:10;0.22
2022-05-18 05:06:10;0.31
2022-05-18 07:06:10;0.31
2022-05-18 09:06:09;0.28
2022-05-18 11:06:08;0.04
2022-05-18 13:06:08;0.2
2022-05-18 15:06:07;0.22
2022-05-18 17:06:06;0.23
2022-05-18 19:06:07;0.27
2022-05-18 21:06:06;0.34
2022-05-18 23:06:06;0.29
2022-05-19 01:06:06;0.35
2022-05-19 03:06:09;0.3
2022-05-19 05:06:10;0.27
2022-05-19 07:06:09;0.15
2022-05-19 09:06:08;0.16
2022-05-19 11:06:08;0.06
2022-05-19 13:06:08;0.14
2022-05-19 15:06:06;0.06
2022-05-19 17:06:06;0.16
2022-05-19 19:06:06;0.26
2022-05-19 21:06:06;0.3
2022-05-19 23:06:06;0.33
2022-05-20 01:06:06;0.25
2022-05-20 03:06:11;0.2
2022-05-20 05:06:10;0.26
2022-05-20 07:06:10;0.24
2022-05-20 11:06:09;0.23
2022-05-20 13:06:09;0.19
2022-05-20 15:06:07;0.26
2022-05-20 17:06:08;0.13
2022-05-20 19:06:08;0.28
2022-05-20 21:06:08;0.28
2022-05-20 23:06:08;0.24
2022-05-21 01:06:08;0.23
2022-05-21 03:06:12;0.13
2022-05-21 05:06:12;0.17
2022-05-21 07:06:11;0.26
2022-05-21 09:06:10;0.25
2022-05-21 11:06:10;0.22
2022-05-21 13:06:09;0.12
2022-05-21 15:06:08;0.16
2022-05-21 17:06:08;0.16
2022-05-21 19:06:08;0.26
2022-05-21 21:06:08;0.26
2022-05-21 23:06:08;0.19
2022-05-22 01:06:08;0.26
2022-05-22 03:06:11;0.24
2022-05-22 05:06:11;0.18
2022-05-22 07:06:10;0.21
2022-05-22 09:06:10;0.15
2022-05-22 11:06:10;0.25
2022-05-22 13:06:09;0.26
2022-05-22 15:06:09;0.29
2022-05-22 17:06:08;0.27
2022-05-22 19:06:08;0.3
2022-05-22 21:06:07;0.3
2022-05-22 23:06:08;0.3
2022-05-23 01:06:08;0.33
2022-05-23 03:06:12;0.26
2022-05-23 05:06:11;0.35
2022-05-23 07:06:11;0.32
2022-05-23 09:06:11;0.29
2022-05-23 11:06:10;0.34
2022-05-23 13:06:09;0.24
2022-05-23 15:06:10;0.26
2022-05-23 17:06:08;0.15
2022-05-23 19:06:08;0.32
2022-05-23 21:06:09;0.28
2022-05-23 23:06:09;0.32
2022-05-24 01:06:08;0.31
2022-05-24 03:06:13;0.3
2022-05-24 05:06:12;0.16
2022-05-24 07:06:13;0.27
2022-05-24 09:06:11;0.31
2022-05-24 11:06:11;0.23
2022-05-24 13:06:10;0.3
2022-05-24 15:06:10;0.06
2022-05-24 17:06:09;0.23
2022-05-24 19:06:09;0.26
2022-05-24 21:06:09;0.21
2022-05-24 23:06:09;0.16
2022-05-25 01:06:09;0.22
2022-05-25 03:06:13;0.23
2022-05-25 05:06:13;0.28
2022-05-25 07:06:13;0.31
2022-05-25 09:06:11;0.14
2022-05-25 11:06:11;0.06
2022-05-25 13:06:10;0.2
2022-05-25 15:06:10;0.25
2022-05-25 17:06:09;0.31
2022-05-25 19:06:09;0.28
2022-05-25 21:06:09;0.3
2022-05-25 23:06:09;0.28
2022-05-26 01:06:09;0.22
2022-05-26 03:06:11;0.25
2022-05-26 05:06:11;0.2
2022-05-26 07:06:11;0.4
2022-05-26 09:06:10;0.16
2022-05-26 11:06:10;0.29
2022-05-26 13:06:09;0.17
2022-05-26 15:06:08;0.27
2022-05-26 17:06:08;0.19
2022-05-26 19:06:08;0.19
2022-05-26 21:06:07;0.25
2022-05-26 23:06:08;0.17
2022-05-27 01:06:07;0.34
2022-05-27 03:06:12;0.17
2022-05-27 05:06:11;0.14
2022-05-27 07:06:11;0.25
2022-05-27 09:06:11;0.16
2022-05-27 11:06:10;0.2
2022-05-27 13:06:09;0.21
2022-05-27 15:06:08;0.15
2022-05-27 17:06:08;0.1
2022-05-27 19:06:07;0.31
2022-05-27 21:06:08;0.18
2022-05-27 23:06:08;0.27
2022-05-28 01:06:08;0.24
2022-05-28 03:06:12;0.12
2022-05-28 05:06:12;0.26
2022-05-28 07:06:12;0.38
2022-05-28 09:06:10;0.2
2022-05-28 11:06:09;0.18
2022-05-28 13:06:08;0.16
2022-05-28 15:06:08;0.31
2022-05-28 17:06:08;0.24
2022-05-28 19:06:07;0.2
2022-05-28 21:06:08;0.36
2022-05-28 23:06:08;0.28
2022-05-29 01:06:07;0.21
2022-05-29 03:06:12;0.1
2022-05-29 05:06:12;0.35
2022-05-29 07:06:11;0.33
2022-05-29 09:06:11;0.23
2022-05-29 11:06:10;0.21
2022-05-29 13:06:09;0.19
2022-05-29 15:06:09;0.32
2022-05-29 17:06:09;0.35
2022-05-29 19:06:09;0.24
2022-05-29 21:06:08;0.28
2022-05-29 23:06:09;0.31
2022-05-30 01:06:08;0.31
2022-05-30 03:06:12;0.22
2022-05-30 05:06:12;0.27
2022-05-30 07:06:11;0.1
2022-05-30 09:06:11;0.28
2022-05-30 11:06:09;0.22
2022-05-30 13:06:09;0.29
2022-05-30 15:06:09;0.25
2022-05-30 17:06:07;0.3
2022-05-30 19:06:07;0.32
2022-05-30 21:06:08;0.26
2022-05-30 23:06:08;0.22
2022-05-31 01:06:08;0.21
2022-05-31 03:06:12;0.27
2022-05-31 05:06:11;0.35
2022-05-31 07:06:11;0.23
2022-05-31 09:06:11;0.1
2022-05-31 11:06:09;0.15
2022-05-31 13:06:09;0.26
2022-05-31 15:06:08;0.13
2022-05-31 17:06:09;0.33
2022-05-31 19:06:07;0.31
2022-05-31 21:06:08;0.27
2022-05-31 23:06:09;0.24
2022-06-01 01:06:08;0.29
2022-06-01 03:06:13;0.34
2022-06-01 05:06:12;0.22
2022-06-01 07:06:12;0.22
2022-06-01 09:06:11;0.17
2022-06-01 11:06:09;0.21
2022-06-01 13:06:09;0.23
2022-06-01 15:06:09;0.27
2022-06-01 17:06:08;0.22
2022-06-01 19:06:07;0.16
2022-06-01 21:06:08;0.23
2022-06-01 23:06:08;0.23
2022-06-02 01:06:08;0.19
2022-06-02 03:06:11;0.34
2022-06-02 05:06:11;0.22
2022-06-02 07:06:10;0.14
2022-06-02 09:06:09;0.26
2022-06-02 11:06:09;0.26
2022-06-02 13:06:08;0.09
2022-06-02 15:06:07;0.27
2022-06-02 17:06:07;0.17
2022-06-02 19:06:06;0.38
2022-06-02 21:06:06;0.39
2022-06-02 23:06:07;0.23
2022-06-03 01:06:07;0.26
2022-06-03 03:06:11;0.16
2022-06-03 05:06:11;0.27
2022-06-03 07:06:11;0.28
2022-06-03 09:06:10;0.19
2022-06-03 11:06:10;0.25
2022-06-03 13:06:09;0.26
2022-06-03 15:06:08;0.29
2022-06-03 17:06:09;0.13
2022-06-03 19:06:08;0.22
2022-06-03 21:06:08;0.32
2022-06-03 23:06:08;0.31
2022-06-04 01:06:08;0.29
2022-06-04 03:06:10;0.17
2022-06-04 05:06:10;0.23
2022-06-04 07:06:10;0.19
2022-06-04 09:06:09;0.19
2022-06-04 11:06:08;0.17
2022-06-04 13:06:08;0.17
2022-06-04 15:06:06;0.32
2022-06-04 21:06:07;0.17
2022-06-04 23:06:06;0.3
2022-06-05 01:06:07;0.27
2022-06-05 03:06:10;0.12
2022-06-05 05:06:11;0.24
2022-06-05 07:06:10;0.31
2022-06-05 09:06:09;0.21
2022-06-05 11:06:09;0.26
2022-06-05 13:06:08;0.27
2022-06-05 15:06:07;0.2
2022-06-05 17:06:07;0.35
2022-06-05 19:06:08;0.31
2022-06-05 21:06:07;0.32
2022-06-05 23:06:07;0.22
2022-06-06 01:06:08;0.32
2022-06-06 03:06:11;0.28
2022-06-06 05:06:10;0.19
2022-06-06 07:06:10;0.35
2022-06-06 09:06:09;0.06
2022-06-06 11:06:08;0.14
2022-06-06 13:06:08;0.2
2022-06-06 15:06:07;0.02
2022-06-06 17:06:07;0.29
2022-06-06 19:06:07;0.34
2022-06-06 21:06:07;0.22
2022-06-06 23:06:06;0.33
2022-06-07 01:06:06;0.27
2022-06-07 03:06:10;0.26
2022-06-07 05:06:10;0.32
2022-06-07 07:06:10;0.25
2022-06-07 09:06:09;0.16
2022-06-07 11:06:09;0.13
2022-06-07 13:06:08;0.07
2022-06-07 15:06:07;0.27
2022-06-07 17:06:07;0.12
2022-06-07 19:06:07;0.38
2022-06-07 21:06:07;0.37
2022-06-07 23:06:07;0.17
2022-06-08 01:06:07;0.17
2022-06-08 03:06:11;0.24
2022-06-08 05:06:11;0.22
2022-06-08 07:06:10;0.25
2022-06-08 09:06:10;0.14
2022-06-08 11:06:10;0.35
2022-06-08 13:06:08;0.22
2022-06-08 15:06:08;0.21
2022-06-08 17:06:08;0.16
2022-06-08 19:06:08;0.22
2022-06-08 21:06:08;0.33
2022-06-08 23:06:08;0.29
2022-06-09 01:06:07;0.31
2022-06-09 03:06:12;0.29
2022-06-09 05:06:12;0.23
2022-06-09 07:06:12;0.24
2022-06-09 09:06:11;0.15
2022-06-09 11:06:10;0.11
2022-06-09 13:06:10;0.28
2022-06-09 15:06:09;0.04
2022-06-09 17:06:09;0.31
2022-06-09 19:06:08;0.29
2022-06-09 21:06:09;0.12
2022-06-09 23:06:08;0.29
2022-06-10 01:06:08;0.1
2022-06-10 03:06:11;0.39
2022-06-10 05:06:11;0.31
2022-06-10 07:06:09;0.23
2022-06-10 09:06:09;0.3
2022-06-10 11:06:08;0.18
2022-06-10 13:06:08;0.23
2022-06-10 15:06:07;0.17
2022-06-10 17:06:07;0.23
2022-06-10 19:06:06;0.14
2022-06-10 21:06:06;0.21
2022-06-10 23:06:07;0.22
2022-06-11 01:06:06;0.3
2022-06-11 03:06:11;0.27
2022-06-11 05:06:11;0.22
2022-06-11 07:06:11;0.09
2022-06-11 09:06:10;0.22
2022-06-11 11:06:09;0.18
2022-06-11 13:06:09;0.13
2022-06-11 15:06:07;0.07
2022-06-11 17:06:07;0.24
2022-06-11 19:06:07;0.29
2022-06-11 21:06:07;0.32
2022-06-11 23:06:07;0.38
2022-06-12 01:06:07;0.18
2022-06-12 03:06:10;0.29
2022-06-12 05:06:11;0.22
2022-06-12 07:06:11;0.28
2022-06-12 09:06:09;0.22
2022-06-12 11:06:08;0.22
2022-06-12 13:06:08;0.18
2022-06-12 15:06:07;0.18
2022-06-12 17:06:06;0.24
2022-06-12 19:06:07;0.29
2022-06-12 21:06:07;0.25
2022-06-12 23:06:07;0.28
2022-06-13 01:06:07;0.2
2022-06-13 03:06:11;0.13
2022-06-13 05:06:11;0.36
2022-06-13 07:06:11;0.09
2022-06-13 09:06:10;0.32
2022-06-13 11:06:09;0.18
2022-06-13 13:06:09;0.2
2022-06-13 15:06:07;0.14
2022-06-13 17:06:07;0.17
2022-06-13 19:06:06;0.25
2022-06-13 21:06:08;0.21
2022-06-13 23:06:07;0.35
2022-06-14 01:06:08;0.14
2022-06-14 03:06:10;0.22
2022-06-14 05:06:10;0.27
2022-06-14 07:06:10;0.37
2022-06-14 09:06:09;0.24
2022-06-14 11:06:08;0.25
2022-06-14 13:06:07;0.09
2022-06-14 15:06:07;0.27
2022-06-14 17:06:06;0.37
2022-06-14 19:06:05;0.35
2022-06-14 21:06:07;0.35
2022-06-14 23:06:06;0.2
2022-06-15 01:06:07;0.24
2022-06-15 03:06:11;0.15
2022-06-15 05:06:11;0.24
2022-06-15 07:06:10;0.25
2022-06-15 09:06:10;0.21
2022-06-15 11:06:09;0.25
2022-06-15 13:06:08;0.21
2022-06-15 15:06:07;0.27
2022-06-15 17:06:07;0.27
2022-06-15 19:06:07;0.39
2022-06-15 21:06:08;0.16
2022-06-15 23:06:07;0.32
2022-06-16 01:06:07;0.25
2022-06-16 03:06:10;0.31
2022-06-16 05:06:11;0.16
2022-06-16 07:06:11;0.25
2022-06-16 09:06:09;0.32
2022-06-16 11:06:09;0.31
2022-06-16 13:06:08;0.23
2022-06-16 15:06:07;0.14
2022-06-16 17:06:07;0.29
2022-06-16 19:06:06;0.42
2022-06-16 21:06:07;0.27
2022-06-16 23:06:07;0.29
2022-06-17 01:06:07;0.31
2022-06-17 03:06:11;0.28
2022-06-17 05:06:11;0.17
2022-06-17 07:06:11;0.22
2022-06-17 09:06:10;0.2
2022-06-17 11:06:09;0.15
2022-06-17 13:06:08;0.15
2022-06-17 15:06:07;0.07
2022-06-17 17:06:06;0.19
2022-06-17 19:06:07;0.27
2022-06-17 21:06:07;0.32
2022-06-17 23:06:07;0.3
2022-06-18 01:06:08;0.26
2022-06-18 03:06:10;0.17
2022-06-18 05:06:11;0.11
2022-06-18 07:06:10;0.3
2022-06-18 09:06:09;0.18
2022-06-18 11:06:08;0.13
2022-06-18 13:06:08;0.27
2022-06-18 15:06:07;0.23
2022-06-18 17:06:07;0.29
2022-06-18 19:06:06;0.33
2022-06-18 21:06:07;0.23
2022-06-18 23:06:07;0.35
2022-06-19 01:06:07;0.12
2022-06-19 03:06:10;0.28
2022-06-19 05:06:10;0.18
2022-06-19 07:06:10;0.25
2022-06-19 09:06:09;0.28
2022-06-19 11:06:09;0.23
2022-06-19 13:06:08;0.25
2022-06-19 15:06:07;0.28
2022-06-19 17:06:07;0.27
2022-06-19 19:06:07;0.29
2022-06-19 21:06:07;0.3
2022-06-19 23:06:07;0.26
2022-06-20 01:06:06;0.29
2022-06-20 03:06:11;0.14
2022-06-20 05:06:12;0.27
2022-06-20 07:06:11;0.11
2022-06-20 09:06:11;0.19
2022-06-20 11:06:10;0.17
2022-06-20 13:06:09;0.13
2022-06-20 15:06:08;0.02
2022-06-20 17:06:08;0.36
2022-06-20 19:06:09;0.23
2022-06-20 21:06:09;0.39
2022-06-20 23:06:08;0.31
2022-06-21 01:06:08;0.17
2022-06-21 03:06:12;0.29
2022-06-21 05:06:11;0.07
2022-06-21 07:06:11;0.23
2022-06-21 09:06:10;0.26
2022-06-21 11:06:10;0.13
2022-06-21 13:06:09;0.09
2022-06-21 15:06:07;0.19
2022-06-21 17:06:07;0.14
2022-06-21 19:06:07;0.27
2022-06-21 21:06:07;0.27
2022-06-21 23:06:07;0.3
2022-06-22 01:06:08;0.23
2022-06-22 03:06:10;0.22
2022-06-22 05:06:10;0.22
2022-06-22 07:06:09;0.24
2022-06-22 09:06:09;0.29
2022-06-22 11:06:09;0.15
2022-06-22 13:06:08;0.19
2022-06-22 15:06:07;0.14
2022-06-22 17:06:06;0.2
2022-06-22 19:06:06;0.17
2022-06-22 21:06:07;0.29
2022-06-22 23:06:06;0.27
2022-06-23 01:06:06;0.2
2022-06-23 03:06:10;0.27
2022-06-23 05:06:10;0.23
2022-06-23 07:06:10;0.27
2022-06-23 09:06:10;0.33
2022-06-23 11:06:08;0.23
2022-06-23 13:06:07;0.12
2022-06-23 15:06:07;0.28
2022-06-23 17:06:06;0.31
2022-06-23 19:06:07;0.21
2022-06-23 21:06:07;0.22
2022-06-23 23:06:07;0.27
2022-06-24 01:06:06;0.27
2022-06-24 03:06:11;0.22
2022-06-24 05:06:11;0.18
2022-06-24 07:06:10;0.35
2022-06-24 09:06:09;0.34
2022-06-24 11:06:09;0.2
2022-06-24 13:06:08;0.25
2022-06-24 15:06:08;0.23
2022-06-24 17:06:08;0.29
2022-06-24 19:06:07;0.24
2022-06-24 21:06:07;0.29
2022-06-24 23:06:08;0.32
2022-06-25 01:06:08;0.27
2022-06-25 03:06:11;0.18
2022-06-25 05:06:10;0.3
2022-06-25 07:06:10;0.18
2022-06-25 09:06:10;0.2
2022-06-25 11:06:09;0.2
2022-06-25 13:06:09;0.23
2022-06-25 15:06:09;0.26
2022-06-25 17:06:08;0.29
2022-06-25 19:06:08;0.27
2022-06-25 21:06:08;0.27
2022-06-25 23:06:08;0.1
2022-06-26 01:06:08;0.28
2022-06-26 03:06:11;0.18
2022-06-26 05:06:11;0.15
2022-06-26 07:06:10;0.33
2022-06-26 09:06:10;0.25
2022-06-26 11:06:09;0.21
2022-06-26 13:06:08;0.18
2022-06-26 15:06:08;0.14
2022-06-26 17:06:08;0.24
2022-06-26 19:06:07;0.29
2022-06-26 21:06:08;0.31
2022-06-26 23:06:08;0.33
2022-06-27 01:06:08;0.2
2022-06-27 03:06:10;0.29
2022-06-27 05:06:10;0.3
2022-06-27 07:06:10;0.24
2022-06-27 09:06:10;0.28
2022-06-27 11:06:09;0.14
2022-06-27 13:06:08;0.17
2022-06-27 15:06:08;0.18
2022-06-27 17:06:07;0.11
2022-06-27 19:06:06;0.16
2022-06-27 21:06:06;0.39
2022-06-27 23:06:07;0.25
2022-06-28 01:06:07;0.31
2022-06-28 03:06:12;0.09
2022-06-28 05:06:12;0.19
2022-06-28 07:06:11;0.34
2022-06-28 09:06:11;0.22
2022-06-28 11:06:09;0.05
2022-06-28 13:06:08;0.15
2022-06-28 15:06:08;0.18
2022-06-28 17:06:08;0.16
2022-06-28 19:06:07;0.34
2022-06-28 21:06:07;0.24
2022-06-28 23:06:08;0.28
2022-06-29 01:06:08;0.21
2022-06-29 03:06:12;0.18
2022-06-29 05:06:12;0.21
2022-06-29 07:06:12;0.2
2022-06-29 09:06:11;0.25
2022-06-29 11:06:10;0.26
2022-06-29 13:06:10;0.28
2022-06-29 15:06:09;0.13
2022-06-29 17:06:08;0.27
2022-06-29 19:06:08;0.19
2022-06-29 21:06:09;0.33
2022-06-29 23:06:09;0.29
2022-06-30 01:06:09;0.18
2022-06-30 03:06:11;0.35
2022-06-30 05:06:11;0.22
2022-06-30 07:06:11;0.27
2022-06-30 09:06:10;0.29
2022-06-30 11:06:09;0.15
2022-06-30 13:06:10;0.21
2022-06-30 15:06:09;0.29
2022-06-30 17:06:08;0.19
2022-06-30 19:06:08;0.21
2022-06-30 21:06:07;0.26
2022-06-30 23:06:08;0.32
2022-07-01 01:06:08;0.28
2022-07-01 03:06:12;0.1
2022-07-01 05:06:11;0.17
2022-07-01 07:06:12;0.29
2022-07-01 09:06:11;0.27
2022-07-01 11:06:09;0.1
2022-07-01 13:06:09;0.2
2022-07-01 15:06:09;0.34
2022-07-01 17:06:08;0.26
2022-07-01 19:06:08;0.28
2022-07-01 21:06:09;0.27
2022-07-01 23:06:08;0.29
2022-07-02 01:06:08;0.33
2022-07-02 03:06:11;0.29
2022-07-02 05:06:11;0.21
2022-07-02 07:06:11;0.32
2022-07-02 09:06:09;0.35
2022-07-02 11:06:09;0.19
2022-07-02 13:06:07;0.13
2022-07-02 15:06:07;0.17
2022-07-02 17:06:07;0.2
2022-07-02 19:06:06;0.3
2022-07-02 21:06:06;0.24
2022-07-02 23:06:06;0.31
2022-07-03 01:06:06;0.24
2022-07-03 03:06:07;0.2
2022-07-03 05:06:06;0.32
2022-07-03 07:06:07;0.3
2022-07-03 09:06:06;0.14
2022-07-03 11:06:04;0.13
2022-07-03 13:06:04;0.14
2022-07-03 15:06:04;0.13
2022-07-03 17:06:02;0.22
2022-07-03 19:06:03;0.21
2022-07-03 21:06:03;0.27
2022-07-03 23:06:03;0.26
2022-07-04 01:06:03;0.22
2022-07-04 03:06:11;0.32
2022-07-04 05:06:11;0.23
2022-07-04 07:06:10;0.27
2022-07-04 09:06:10;0.27
2022-07-04 11:06:09;0.09
2022-07-04 13:06:08;0.09
2022-07-04 15:06:07;0.14
2022-07-04 17:06:07;0.2
2022-07-04 19:06:06;0.31
2022-07-04 21:06:07;0.3
2022-07-04 23:06:07;0.13
2022-07-05 01:06:07;0.32
2022-07-05 03:06:12;0.17
2022-07-05 05:06:11;0.22
2022-07-05 07:06:11;0.21
2022-07-05 09:06:10;0.13
2022-07-05 11:06:09;0.27
2022-07-05 13:06:09;0.17
2022-07-05 15:06:07;0.19
2022-07-05 17:06:07;0.11
2022-07-05 19:06:07;0.25
2022-07-05 21:06:07;0.19
2022-07-05 23:06:08;0.19
2022-07-06 01:06:08;0.37
2022-07-06 03:06:10;0.3
2022-07-06 05:06:11;0.45
2022-07-06 07:06:11;0.31
2022-07-06 09:06:09;0.22
2022-07-06 11:06:09;0.19
2022-07-06 13:06:08;0.1
2022-07-06 15:06:07;0.2
2022-07-06 17:06:07;0.16
2022-07-06 19:06:07;0.27
2022-07-06 21:06:07;0.25
2022-07-06 23:06:07;0.31
2022-07-07 01:06:07;0.31
2022-07-07 03:06:11;0.23
2022-07-07 05:06:11;0.11
2022-07-07 07:06:11;0.26
2022-07-07 09:06:10;0.3
2022-07-07 11:06:09;0.08
2022-07-07 13:06:08;0.19
2022-07-07 15:06:08;0.34
2022-07-07 17:06:08;0.29
2022-07-07 19:06:08;0.27
2022-07-07 21:06:08;0.26
2022-07-07 23:06:08;0.29
2022-07-08 01:06:07;0.26
2022-07-08 03:06:12;0.28
2022-07-08 05:06:12;0.27
2022-07-08 07:06:11;0.23
2022-07-08 09:06:11;0.29
2022-07-08 11:06:10;0.2
2022-07-08 13:06:09;0.11
2022-07-08 15:06:08;0.15
2022-07-08 17:06:08;0.21
2022-07-08 19:06:07;0.37
2022-07-08 21:06:07;0.33
2022-07-08 23:06:08;0.18
2022-07-09 01:06:08;0.2
2022-07-09 03:06:11;0.08
2022-07-09 05:06:11;0.29
2022-07-09 07:06:11;0.2
2022-07-09 09:06:10;0.19
2022-07-09 11:06:09;0.19
2022-07-09 13:06:09;0.27
2022-07-09 15:06:07;0.19
2022-07-09 17:06:07;0.25
2022-07-09 19:06:07;0.33
2022-07-09 21:06:08;0.18
2022-07-09 23:06:08;0.43
2022-07-10 01:06:08;0.23
2022-07-10 03:06:10;0.33
2022-07-10 05:06:10;0.28
2022-07-10 07:06:09;0.06
2022-07-10 09:06:10;0.35
2022-07-10 11:06:09;0.19
2022-07-10 13:06:08;0.18
2022-07-10 15:06:07;0.16
2022-07-10 17:06:07;0.28
2022-07-10 19:06:06;0.37
2022-07-10 21:06:07;0.31
2022-07-10 23:06:07;0.31
2022-07-11 01:06:06;0.29
2022-07-11 03:06:11;0.23
2022-07-11 05:06:11;0.18
2022-07-11 07:06:11;0.27
2022-07-11 09:06:10;0.21
2022-07-11 11:06:09;0.2
2022-07-11 13:06:08;0.05
2022-07-11 15:06:08;0.23
2022-07-11 17:06:08;0.37
2022-07-11 19:06:07;0.41
2022-07-11 21:06:07;0.25
2022-07-11 23:06:08;0.29
2022-07-12 01:06:07;0.28
2022-07-12 03:06:10;0.29
2022-07-12 05:06:09;0.22
2022-07-12 07:06:09;0.3
2022-07-12 09:06:09;0.22
2022-07-12 11:06:07;0.18
2022-07-12 13:06:07;0.05
2022-07-12 15:06:06;0.22
2022-07-12 17:06:05;0.1
2022-07-12 19:06:05;0.42
2022-07-12 21:06:07;0.24
2022-07-12 23:06:07;0.3
2022-07-13 01:06:06;0.22
2022-07-13 03:06:10;0.3
2022-07-13 05:06:10;0.31
2022-07-13 07:06:09;0.27
2022-07-13 09:06:09;0.19
2022-07-13 11:06:09;0.14
2022-07-13 13:06:07;0.2
2022-07-13 15:06:07;0.21
2022-07-13 17:06:07;0.34
2022-07-13 19:06:06;0.41
2022-07-13 21:06:07;0.29
2022-07-13 23:06:06;0.35
2022-07-14 01:06:07;0.24
2022-07-14 03:06:11;0.05
2022-07-14 05:06:10;0.2
2022-07-14 07:06:10;0.31
2022-07-14 09:06:10;0.16
2022-07-14 11:06:09;0.14
2022-07-14 13:06:08;0.24
2022-07-14 15:06:08;0.25
2022-07-14 17:06:07;0.12
2022-07-14 19:06:07;0.29
2022-07-14 21:06:07;0.22
2022-07-14 23:06:07;0.26
2022-07-15 01:06:07;0.19
2022-07-15 03:06:11;0.22
2022-07-15 05:06:11;0.16
2022-07-15 07:06:10;0.15
2022-07-15 09:06:10;0.17
2022-07-15 11:06:08;0.05
2022-07-15 13:06:08;0.21
2022-07-15 15:06:07;0.2
2022-07-15 17:06:07;0.18
2022-07-15 19:06:07;0.31
2022-07-15 21:06:07;0.26
2022-07-15 23:06:07;0.34
2022-07-16 01:06:07;0.21
2022-07-16 03:06:10;0.19
2022-07-16 05:06:10;0.19
2022-07-16 07:06:10;0.22
2022-07-16 09:06:09;0.18
2022-07-16 11:06:08;0.05
2022-07-16 13:06:08;0.11
2022-07-16 15:06:06;0.16
2022-07-16 17:06:06;0.27
2022-07-16 19:06:06;0.3
2022-07-16 21:06:06;0.27
2022-07-16 23:06:07;0.33
2022-07-17 01:06:06;0.39
2022-07-17 03:06:10;0.12
2022-07-17 05:06:11;0.19
2022-07-17 07:06:10;0.23
2022-07-17 09:06:09;0.27
2022-07-17 11:06:09;0.13
2022-07-17 13:06:07;0.11
2022-07-17 15:06:07;0.18
2022-07-17 17:06:06;0.25
2022-07-17 19:06:06;0.34
2022-07-17 21:06:06;0.31
2022-07-17 23:06:07;0.37
2022-07-18 01:06:07;0.25
2022-07-18 03:06:11;0.27
2022-07-18 05:06:11;0.23
2022-07-18 07:06:11;0.3
2022-07-18 09:06:10;0.26
2022-07-18 11:06:09;0.1
2022-07-18 13:06:08;0.14
2022-07-18 15:06:07;0.25
2022-07-18 17:06:07;0.27
2022-07-18 19:06:07;0.34
2022-07-18 21:06:07;0.27
2022-07-18 23:06:07;0.2
2022-07-19 01:06:07;0.28
2022-07-19 03:06:11;0.08
2022-07-19 05:06:11;0.3
2022-07-19 07:06:10;0.28
2022-07-19 09:06:10;0.35
2022-07-19 11:06:08;0.09
2022-07-19 13:06:08;0.17
2022-07-19 15:06:08;0.32
2022-07-19 17:06:07;0.27
2022-07-19 19:06:08;0.33
2022-07-19 21:06:08;0.35
2022-07-19 23:06:08;0.2
2022-07-20 01:06:08;0.17
2022-07-20 03:06:12;0.24
2022-07-20 05:06:11;0.26
2022-07-20 07:06:11;0.26
2022-07-20 09:06:11;0.17
2022-07-20 11:06:11;0.23
2022-07-20 13:06:10;0.26
2022-07-20 15:06:10;0.22
2022-07-20 17:06:10;0.38
2022-07-20 19:06:09;0.2
2022-07-20 21:06:09;0.31
2022-07-20 23:06:09;0.24
2022-07-21 01:06:09;0.29
2022-07-21 03:06:11;0.21
2022-07-21 05:06:11;0.22
2022-07-21 07:06:10;0.22
2022-07-21 09:06:10;0.13
2022-07-21 11:06:09;0.19
2022-07-21 13:06:09;0.24
2022-07-21 15:06:07;0.26
2022-07-21 17:06:07;0.23
2022-07-21 19:06:07;0.31
2022-07-21 21:06:08;0.29
2022-07-21 23:06:07;0.18
2022-07-22 01:06:07;0.25
2022-07-22 03:06:10;0.12
2022-07-22 05:06:10;0.03
2022-07-22 07:06:10;0.08
2022-07-22 09:06:09;0.18
2022-07-22 11:06:09;0.31
2022-07-22 13:06:08;0.36
2022-07-22 15:06:08;0.09
2022-07-22 17:06:07;0.23
2022-07-22 19:06:08;0.29
2022-07-22 21:06:07;0.19
2022-07-22 23:06:07;0.32
2022-07-23 01:06:07;0.26
2022-07-23 03:06:11;0.26
2022-07-23 05:06:10;0.17
2022-07-23 07:06:10;0.36
2022-07-23 09:06:10;0.15
2022-07-23 11:06:09;0.25
2022-07-23 13:06:08;0.27
2022-07-23 15:06:07;0.09
2022-07-23 17:06:07;0.3
2022-07-23 19:06:07;0.39
2022-07-23 21:06:08;0.31
2022-07-23 23:06:08;0.28
2022-07-24 01:06:07;0.24
2022-07-24 03:06:10;0.26
2022-07-24 05:06:10;0.32
2022-07-24 07:06:10;0.22
2022-07-24 09:06:09;0.27
2022-07-24 11:06:08;0.27
2022-07-24 13:06:07;0.15
2022-07-24 15:06:06;0.2
2022-07-24 17:06:06;0.28
2022-07-24 19:06:06;0.39
2022-07-24 21:06:06;0.25
2022-07-24 23:06:06;0.33
2022-07-25 01:06:06;0.18
2022-07-25 03:06:11;0.2
2022-07-25 05:06:10;0.27
2022-07-25 07:06:10;0.28
2022-07-25 09:06:09;0.32
2022-07-25 11:06:08;0.21
2022-07-25 13:06:09;0.2
2022-07-25 15:06:07;0.23
2022-07-25 17:06:07;0.31
2022-07-25 19:06:07;0.09
2022-07-25 21:06:07;0.24
2022-07-25 23:06:07;0.26
2022-07-26 01:06:07;0.2
2022-07-26 03:06:11;0.15
2022-07-26 05:06:11;0.29
2022-07-26 07:06:10;0.22
2022-07-26 09:06:10;0.1
2022-07-26 11:06:10;0.17
2022-07-26 13:06:08;0.16
2022-07-26 15:06:09;0.36
2022-07-26 17:06:08;0.26
2022-07-26 19:06:08;0.36
2022-07-26 21:06:08;0.2
2022-07-26 23:06:08;0.27
2022-07-27 01:06:08;0.25
2022-07-27 03:06:11;0.21
2022-07-27 05:06:11;0.19
2022-07-27 07:06:11;0.26
2022-07-27 09:06:10;0.34
2022-07-27 11:06:09;0.13
2022-07-27 13:06:08;0.14
2022-07-27 15:06:08;0.15
2022-07-27 17:06:08;0.14
2022-07-27 19:06:07;0.27
2022-07-27 21:06:07;0.21
2022-07-27 23:06:07;0.26
2022-07-28 01:06:08;0.22
2022-07-28 03:06:11;0.11
2022-07-28 05:06:10;0.22
2022-07-28 07:06:10;0.21
2022-07-28 09:06:10;0.27
2022-07-28 11:06:09;0.1
2022-07-28 13:06:08;0.18
2022-07-28 15:06:07;0.25
2022-07-28 17:06:07;0.18
2022-07-28 19:06:07;0.13
2022-07-28 21:06:07;0.17
2022-07-28 23:06:07;0.25
2022-07-29 01:06:07;0.16
2022-07-29 03:06:11;0.25
2022-07-29 05:06:11;0.11
2022-07-29 07:06:10;0.27
2022-07-29 09:06:09;0.27
2022-07-29 11:06:09;0.28
2022-07-29 13:06:08;0.3
2022-07-29 15:06:07;0.12
2022-07-29 17:06:07;0.26
2022-07-29 19:06:06;0.35
2022-07-29 21:06:07;0.28
2022-07-29 23:06:07;0.32
2022-07-30 01:06:07;0.14
2022-07-30 03:06:11;0.25
2022-07-30 05:06:12;0.19
2022-07-30 07:06:12;0.05
2022-07-30 09:06:11;0.3
2022-07-30 11:06:10;0.19
2022-07-30 13:06:09;0.09
2022-07-30 15:06:08;0.13
2022-07-30 17:06:08;0.24
2022-07-30 19:06:07;0.28
2022-07-30 21:06:08;0.17
2022-07-30 23:06:08;0.18
2022-07-31 01:06:08;0.33
2022-07-31 03:06:11;0.31
2022-07-31 05:06:11;0.29
2022-07-31 07:06:10;0.22
2022-07-31 09:06:10;0.16
2022-07-31 11:06:09;0.15
2022-07-31 13:06:08;0.23
2022-07-31 15:06:07;0.23
2022-07-31 17:06:07;0.24
2022-07-31 19:06:07;0.26
2022-07-31 21:06:08;0.17
2022-07-31 23:06:08;0.19
2022-08-01 01:06:08;0.34
2022-08-01 03:06:10;0.16
2022-08-01 05:06:11;0.19
2022-08-01 07:06:10;0.27
2022-08-01 09:06:09;0.4
2022-08-01 11:06:09;0.31
2022-08-01 13:06:09;0.3
2022-08-01 15:06:08;0.24
2022-08-01 17:06:08;0.31
2022-08-01 19:06:08;0.27
2022-08-01 21:06:07;0.25
2022-08-01 23:06:08;0.22
2022-08-02 01:06:07;0.1
2022-08-02 03:06:11;0.27
2022-08-02 05:06:11;0.26
2022-08-02 07:06:11;0.27
2022-08-02 09:06:10;0.14
2022-08-02 11:06:10;0.02
2022-08-02 13:06:08;0.14
2022-08-02 15:06:08;0.13
2022-08-02 17:06:07;0.33
2022-08-02 19:06:07;0.29
2022-08-02 21:06:08;0.34
2022-08-02 23:06:07;0.25
2022-08-03 01:06:07;0.23
2022-08-03 03:06:11;0.1
2022-08-03 05:06:10;0.2
2022-08-03 07:06:10;0.33
2022-08-03 09:06:09;0.29
2022-08-03 11:06:08;0.14
2022-08-03 13:06:08;0.24
2022-08-03 15:06:08;0.23
2022-08-03 17:06:06;0.28
2022-08-03 19:06:06;0.38
2022-08-03 21:06:07;0.28
2022-08-03 23:06:07;0.23
2022-08-04 01:06:08;0.18
2022-08-04 03:06:11;0.24
2022-08-04 05:06:10;0.07
2022-08-04 07:06:10;0.26
2022-08-04 09:06:10;0.23
2022-08-04 11:06:09;0.33
2022-08-04 13:06:08;0.23
2022-08-04 15:06:08;0.17
2022-08-04 17:06:08;0.21
2022-08-04 19:06:08;0.1
2022-08-04 21:06:07;0.21
2022-08-04 23:06:08;0.25
2022-08-05 01:06:08;0.31
2022-08-05 03:06:12;0.23
2022-08-05 05:06:12;0.13
2022-08-05 07:06:11;0.17
2022-08-05 09:06:10;0.31
2022-08-05 11:06:10;0.17
2022-08-05 13:06:09;0.25
2022-08-05 15:06:07;0.22
2022-08-05 17:06:08;0.28
2022-08-05 19:06:08;0.17
2022-08-05 21:06:08;0.21
2022-08-05 23:06:08;0.27
2022-08-06 01:06:07;0.33
2022-08-06 03:06:11;0.23
2022-08-06 05:06:11;0.21
2022-08-06 07:06:10;0.14
2022-08-06 09:06:10;0.28
2022-08-06 11:06:09;0.3
2022-08-06 13:06:09;0.3
2022-08-06 15:06:07;0.21
2022-08-06 17:06:07;0.23
2022-08-06 19:06:06;0.38
2022-08-06 21:06:07;0.32
2022-08-06 23:06:07;0.25
2022-08-07 01:06:07;0.32
2022-08-07 03:06:10;0.35
2022-08-07 05:06:10;0.2
2022-08-07 07:06:10;0.35
2022-08-07 09:06:10;0.19
2022-08-07 11:06:09;0.05
2022-08-07 13:06:08;0.23
2022-08-07 15:06:07;0.19
2022-08-07 17:06:07;0.27
2022-08-07 19:06:07;0.23
2022-08-07 21:06:07;0.35
2022-08-07 23:06:07;0.41
2022-08-08 01:06:07;0.33
2022-08-08 03:06:11;0.32
2022-08-08 05:06:11;0.32
2022-08-08 07:06:11;0.26
2022-08-08 09:06:10;0.27
2022-08-08 11:06:09;0.17
2022-08-08 13:06:09;0.2
2022-08-08 15:06:07;0.09
2022-08-08 17:06:07;0.12
2022-08-08 19:06:06;0.27
2022-08-08 21:06:08;0.26
2022-08-08 23:06:07;0.28
2022-08-09 01:06:08;0.14
2022-08-09 03:06:11;0.24
2022-08-09 05:06:11;0.24
2022-08-09 07:06:11;0.22
2022-08-09 09:06:10;0.17
2022-08-09 11:06:09;0.05
2022-08-09 13:06:08;0.23
2022-08-09 15:06:08;0.23
2022-08-09 17:06:07;0.17
2022-08-09 19:06:07;0.34
2022-08-09 21:06:07;0.34
2022-08-09 23:06:08;0.24
2022-08-10 01:06:07;0.18
2022-08-10 03:06:10;0.15
2022-08-10 05:06:11;0.26
2022-08-10 07:06:10;0.14
2022-08-10 09:06:10;0.3
2022-08-10 11:06:09;0.21
2022-08-10 13:06:08;0.24
2022-08-10 15:06:07;0.27
2022-08-10 17:06:07;0.33
2022-08-10 19:06:07;0.32
2022-08-10 21:06:07;0.25
2022-08-10 23:06:08;0.32
2022-08-11 01:06:08;0.3
2022-08-11 03:06:10;0.23
2022-08-11 05:06:10;0.24
2022-08-11 07:06:09;0.28
2022-08-11 09:06:09;0.24
2022-08-11 11:06:09;0.2
2022-08-11 13:06:08;0.06
2022-08-11 15:06:07;0.16
2022-08-11 17:06:06;0.23
2022-08-11 19:06:06;0.26
2022-08-11 21:06:07;0.29
2022-08-11 23:06:06;0.38
2022-08-12 01:06:07;0.3
2022-08-12 03:06:11;0.32
2022-08-12 05:06:10;0.37
2022-08-12 07:06:10;0.19
2022-08-12 09:06:09;0.36
2022-08-12 11:06:08;0.12
2022-08-12 13:06:08;0.25
2022-08-12 15:06:07;0.22
2022-08-12 17:06:06;0.23
2022-08-12 19:06:06;0.33
2022-08-12 21:06:06;0.09
2022-08-12 23:06:06;0.3
2022-08-13 01:06:07;0.26
2022-08-13 03:06:11;0.31
2022-08-13 05:06:10;0.3
2022-08-13 07:06:10;0.15
2022-08-13 09:06:09;0.13
2022-08-13 11:06:08;0.17
2022-08-13 13:06:07;0.24
2022-08-13 15:06:07;0.23
2022-08-13 17:06:07;0.18
2022-08-13 19:06:07;0.38
2022-08-13 21:06:07;0.3
2022-08-13 23:06:08;0.33
2022-08-14 01:06:08;0.3
2022-08-14 03:06:11;0.21
2022-08-14 05:06:11;0.2
2022-08-14 07:06:10;0.24
2022-08-14 09:06:09;0.28
2022-08-14 11:06:09;0.17
2022-08-14 13:06:09;0.13
2022-08-14 15:06:08;0.29
2022-08-14 17:06:08;0.21
2022-08-14 19:06:07;0.25
2022-08-14 21:06:07;0.36
2022-08-14 23:06:07;0.31
2022-08-15 01:06:07;0.23
2022-08-15 03:06:11;0.26
2022-08-15 05:06:11;0.27
2022-08-15 07:06:10;0.29
2022-08-15 09:06:10;0.17
2022-08-15 11:06:10;0.25
2022-08-15 13:06:09;0.19
2022-08-15 15:06:08;0.17
2022-08-15 17:06:07;0.36
2022-08-15 19:06:07;0.19
2022-08-15 21:06:07;0.26
2022-08-15 23:06:07;0.29
2022-08-16 01:06:08;0.18
2022-08-16 03:06:12;0.28
2022-08-16 05:06:12;0.26
2022-08-16 07:06:11;0.17
2022-08-16 09:06:11;0.12
2022-08-16 11:06:10;0.23
2022-08-16 13:06:09;0.23
2022-08-16 15:06:10;0.29
2022-08-16 17:06:09;0.26
2022-08-16 19:06:10;0.21
2022-08-16 21:06:09;0.21
2022-08-16 23:06:09;0.04
2022-08-17 01:06:09;0.2
2022-08-17 03:06:12;0.26
2022-08-17 05:06:11;0.14
2022-08-17 07:06:11;0.24
2022-08-17 09:06:10;0.3
2022-08-17 11:06:10;0.21
2022-08-17 13:06:10;0.29
2022-08-17 15:06:08;0.25
2022-08-17 17:06:08;0.19
2022-08-17 19:06:09;0.27
2022-08-17 21:06:09;0.3
2022-08-17 23:06:08;0.3
2022-08-18 01:06:09;0.27
2022-08-18 03:06:12;0.21
2022-08-18 05:06:12;0.18
2022-08-18 07:06:12;0.33
2022-08-18 09:06:10;0.23
2022-08-18 11:06:10;0.17
2022-08-18 13:06:08;0.27
2022-08-18 15:06:08;0.2
2022-08-18 17:06:08;0.29
2022-08-18 19:06:07;0.3
2022-08-18 21:06:08;0.26
2022-08-18 23:06:08;0.36
2022-08-19 01:06:08;0.26
2022-08-19 03:06:11;0.29
2022-08-19 05:06:10;0.28
2022-08-19 07:06:11;0.24
2022-08-19 09:06:10;0.16
2022-08-19 11:06:09;0.21
2022-08-19 13:06:09;0.35
2022-08-19 15:06:08;0.16
2022-08-19 17:06:07;0.33
2022-08-19 19:06:08;0.35
2022-08-19 21:06:07;0.33
2022-08-19 23:06:07;0.21
2022-08-20 01:06:07;0.3
2022-08-20 03:06:11;0.15
2022-08-20 05:06:11;0.2
2022-08-20 07:06:11;0.24
2022-08-20 09:06:11;0.22
2022-08-20 11:06:10;0.38
2022-08-20 13:06:10;0.16
2022-08-20 15:06:08;0.06
2022-08-20 17:06:08;0.23
2022-08-20 19:06:08;0.25
2022-08-20 21:06:08;0.19
2022-08-20 23:06:08;0.37
2022-08-21 01:06:08;0.4
2022-08-21 03:06:10;0.32
2022-08-21 05:06:11;0.13
2022-08-21 07:06:10;0.2
2022-08-21 09:06:09;0.23
2022-08-21 11:06:08;0.24
2022-08-21 13:06:08;0.11
2022-08-21 15:06:06;0.23
2022-08-21 17:06:07;0.1
2022-08-21 19:06:06;0.27
2022-08-21 21:06:07;0.35
2022-08-21 23:06:06;0.25
2022-08-22 01:06:06;0.27
2022-08-22 03:06:10;0.3
2022-08-22 05:06:10;0.27
2022-08-22 07:06:10;0.31
2022-08-22 09:06:09;0.2
2022-08-22 11:06:09;0.29
2022-08-22 13:06:07;0.25
2022-08-22 15:06:07;0.17
2022-08-22 17:06:06;0.27
2022-08-22 19:06:06;0.32
2022-08-22 21:06:07;0.24
2022-08-22 23:06:06;0.27
2022-08-23 01:06:07;0.18
2022-08-23 03:06:10;0.21
2022-08-23 05:06:10;0.37
2022-08-23 07:06:09;0.25
2022-08-23 09:06:09;0.19
2022-08-23 11:06:08;0.08
2022-08-23 13:06:08;0.18
2022-08-23 15:06:06;0.1
2022-08-23 17:06:07;0.18
2022-08-23 19:06:06;0.26
2022-08-23 21:06:07;0.27
2022-08-23 23:06:07;0.16
2022-08-24 01:06:06;0.27
2022-08-24 03:06:10;0.22
2022-08-24 05:06:10;0.34
2022-08-24 07:06:10;0.28
2022-08-24 09:06:09;0.27
2022-08-24 11:06:08;0.31
2022-08-24 13:06:07;0.16
2022-08-24 15:06:07;0.26
2022-08-24 17:06:06;0.3
2022-08-24 19:06:06;0.34
2022-08-24 21:06:07;0.29
2022-08-24 23:06:07;0.29
2022-08-25 01:06:07;0.23
2022-08-25 03:06:11;0.19
2022-08-25 05:06:10;0.31
2022-08-25 07:06:10;0.13
2022-08-25 09:06:09;0.25
2022-08-25 11:06:09;0.34
2022-08-25 13:06:08;0.25
2022-08-25 15:06:07;0.21
2022-08-25 17:06:08;0.23
2022-08-25 19:06:07;0.31
2022-08-25 21:06:07;0.31
2022-08-25 23:06:08;0.31
2022-08-26 01:06:07;0.14
2022-08-26 03:06:11;0.28
2022-08-26 05:06:10;0.22
2022-08-26 07:06:11;0.2
2022-08-26 09:06:10;0.24
2022-08-26 11:06:09;0.23
2022-08-26 13:06:08;0.25
2022-08-26 15:06:07;0.07
2022-08-26 17:06:07;0.26
2022-08-26 19:06:07;0.34
2022-08-26 21:06:07;0.26
2022-08-26 23:06:07;0.3
2022-08-27 01:06:07;0.16
2022-08-27 03:06:11;0.31
2022-08-27 05:06:11;0.19
2022-08-27 07:06:11;0.29
2022-08-27 09:06:10;0.25
2022-08-27 11:06:10;0.23
2022-08-27 13:06:08;0.09
2022-08-27 15:06:07;0.19
2022-08-27 17:06:07;0.11
2022-08-27 19:06:07;0.29
2022-08-27 21:06:08;0.26
2022-08-27 23:06:07;0.18
2022-08-28 01:06:07;0.32
2022-08-28 03:06:11;0.23
2022-08-28 05:06:11;0.24
2022-08-28 07:06:11;0.16
2022-08-28 09:06:10;0.29
2022-08-28 11:06:09;0.2
2022-08-28 13:06:09;0.1
2022-08-28 15:06:07;0.21
2022-08-28 17:06:08;0.32
2022-08-28 19:06:08;0.24
2022-08-28 21:06:08;0.31
2022-08-28 23:06:07;0.3
2022-08-29 01:06:08;0.27
2022-08-29 03:06:10;0.21
2022-08-29 05:06:09;0.24
2022-08-29 07:06:09;0.29
2022-08-29 09:06:09;0.27
2022-08-29 11:06:08;0.28
2022-08-29 13:06:08;0.15
2022-08-29 15:06:07;0.18
2022-08-29 17:06:06;0.23
2022-08-29 19:06:06;0.33
2022-08-29 21:06:07;0.29
2022-08-29 23:06:07;0.11
2022-08-30 01:06:06;0.37
2022-08-30 03:06:11;0.12
2022-08-30 05:06:10;0.32
2022-08-30 07:06:10;0.27
2022-08-30 09:06:09;0.17
2022-08-30 11:06:09;0.21
2022-08-30 13:06:08;0.21
2022-08-30 15:06:07;0.31
2022-08-30 17:06:06;0.25
2022-08-30 19:06:06;0.29
2022-08-30 21:06:07;0.19
2022-08-30 23:06:07;0.18
2022-08-31 01:06:07;0.18
2022-08-31 03:06:11;0.07
2022-08-31 05:06:11;0.26
2022-08-31 07:06:11;0.23
2022-08-31 09:06:10;0.17
2022-08-31 11:06:10;0.35
2022-08-31 13:06:08;0.11
2022-08-31 15:06:07;0.16
2022-08-31 17:06:07;0.14
2022-08-31 19:06:07;0.33
2022-08-31 21:06:07;0.32
2022-08-31 23:06:07;0.24
2022-09-01 01:06:07;0.35
2022-09-01 03:06:11;0.21
2022-09-01 05:06:11;0.25
2022-09-01 07:06:11;0.25
2022-09-01 09:06:10;0.21
2022-09-01 11:06:10;0.29
2022-09-01 13:06:09;0.27
2022-09-01 15:06:07;0.22
2022-09-01 17:06:08;0.29
2022-09-01 19:06:08;0.19
2022-09-01 21:06:07;0.27
2022-09-01 23:06:07;0.19
2022-09-02 01:06:07;0.28
2022-09-02 03:06:10;0.24
2022-09-02 05:06:10;0.2
2022-09-02 07:06:10;0.11
2022-09-02 09:06:09;0.19
2022-09-02 11:06:10;0.31
2022-09-02 13:06:09;0.23
2022-09-02 15:06:08;0.26
2022-09-02 17:06:08;0.22
2022-09-02 19:06:08;0.19
2022-09-02 21:06:07;0.27
2022-09-02 23:06:08;0.14
2022-09-03 01:06:07;0.21
2022-09-03 03:06:11;0.22
2022-09-03 05:06:10;0.32
2022-09-03 07:06:10;0.3
2022-09-03 09:06:11;0.32
2022-09-03 11:06:09;0.2
2022-09-03 13:06:09;0.2
2022-09-03 15:06:09;0.36
2022-09-03 17:06:08;0.21
2022-09-03 19:06:08;0.33
2022-09-03 21:06:08;0.42
2022-09-03 23:06:08;0.3
2022-09-04 01:06:07;0.2
2022-09-04 03:06:11;0.09
2022-09-04 05:06:11;0.15
2022-09-04 07:06:11;0.27
2022-09-04 09:06:10;0.29
2022-09-04 11:06:09;0.2
2022-09-04 13:06:09;0.22
2022-09-04 15:06:08;0.15
2022-09-04 17:06:07;0.15
2022-09-04 19:06:07;0.31
2022-09-04 21:06:08;0.24
2022-09-04 23:06:08;0.31
2022-09-05 01:06:08;0.26
2022-09-05 03:06:11;0.3
2022-09-05 05:06:11;0.26
2022-09-05 07:06:11;0.25
2022-09-05 09:06:10;0.31
2022-09-05 11:06:09;0.25
2022-09-05 13:06:08;0.19
2022-09-05 15:06:08;0.32
2022-09-05 17:06:08;0.29
2022-09-05 19:06:08;0.31
2022-09-05 21:06:08;0.29
2022-09-05 23:06:08;0.31
2022-09-06 01:06:08;0.19
2022-09-06 03:06:12;0.26
2022-09-06 05:06:12;0.18
2022-09-06 07:06:12;0.32
2022-09-06 09:06:12;0.12
2022-09-06 11:06:10;0.1
2022-09-06 13:06:10;0.17
2022-09-06 15:06:09;0.12
2022-09-06 17:06:08;0.32
2022-09-06 19:06:09;0.23
2022-09-06 21:06:09;0.35
2022-09-06 23:06:09;0.22
2022-09-07 01:06:09;0.22
2022-09-07 03:06:13;0.25
2022-09-07 05:06:12;0.22
2022-09-07 07:06:12;0.23
2022-09-07 09:06:11;0.19
2022-09-07 11:06:11;0.29
2022-09-07 13:06:10;0.27
2022-09-07 15:06:10;0.32
2022-09-07 17:06:10;0.36
2022-09-07 19:06:10;0.18
2022-09-07 21:06:09;0.32
2022-09-07 23:06:09;0.28
2022-09-08 01:06:09;0.3
2022-09-08 03:06:12;0.17
2022-09-08 05:06:11;0.11
2022-09-08 07:06:10;0.3
2022-09-08 09:06:10;0.32
2022-09-08 11:06:10;0.27
2022-09-08 13:06:08;0.26
2022-09-08 15:06:09;0.26
2022-09-08 17:06:09;0.22
2022-09-08 19:06:07;0.29
2022-09-08 21:06:09;0.38
2022-09-08 23:06:08;0.22
2022-09-09 01:06:08;0.14
2022-09-09 03:06:11;0.09
2022-09-09 05:06:10;0.31
2022-09-09 07:06:11;0.29
2022-09-09 09:06:10;0.28
2022-09-09 11:06:09;0.27
2022-09-09 13:06:08;0.32
2022-09-09 15:06:09;0.25
2022-09-09 17:06:08;0.31
2022-09-09 19:06:08;0.25
2022-09-09 21:06:08;0.21
2022-09-09 23:06:08;0.22
2022-09-10 01:06:07;0.34
2022-09-10 03:06:12;0.22
2022-09-10 05:06:12;0.24
2022-09-10 07:06:12;0.16
2022-09-10 09:06:11;0.26
2022-09-10 11:06:11;0.24
2022-09-10 13:06:11;0.25
2022-09-10 15:06:09;0.26
2022-09-10 17:06:10;0.3
2022-09-10 19:06:08;0.21
2022-09-10 21:06:09;0.3
2022-09-10 23:06:09;0.25
2022-09-11 01:06:09;0.3
2022-09-11 03:06:12;0.34
2022-09-11 05:06:12;0.23
2022-09-11 07:06:12;0.32
2022-09-11 09:06:11;0.1
2022-09-11 11:06:10;0.36
2022-09-11 13:06:09;0.18
2022-09-11 15:06:09;0.18
2022-09-11 17:06:09;0.24
2022-09-11 19:06:08;0.34
2022-09-11 21:06:08;0.34
2022-09-11 23:06:08;0.3
2022-09-12 01:06:07;0.17
2022-09-12 03:06:12;0.23
2022-09-12 05:06:12;0.24
2022-09-12 07:06:12;0.27
2022-09-12 09:06:12;0.3
2022-09-12 11:06:10;0.24
2022-09-12 13:06:09;0.27
2022-09-12 15:06:08;0.21
2022-09-12 17:06:08;0.2
2022-09-12 19:06:08;0.19
2022-09-12 21:06:09;0.14
2022-09-12 23:06:08;0.32
2022-09-13 01:06:08;0.2
2022-09-13 03:06:11;0.17
2022-09-13 05:06:10;0.34
2022-09-13 07:06:10;0.19
2022-09-13 09:06:09;0.16
2022-09-13 11:06:09;0.19
2022-09-13 13:06:09;0.3
2022-09-13 15:06:08;0.23
2022-09-13 17:06:07;0.28
2022-09-13 19:06:07;0.29
2022-09-13 21:06:08;0.3
2022-09-13 23:06:07;0.26
2022-09-14 01:06:07;0.17
2022-09-14 03:06:11;0.09
2022-09-14 05:06:11;0.25
2022-09-14 07:06:11;0.26
2022-09-14 09:06:10;0.15
2022-09-14 11:06:10;0.14
2022-09-14 13:06:09;0.24
2022-09-14 15:06:08;0.26
2022-09-14 17:06:08;0.26
2022-09-14 19:06:08;0.3
2022-09-14 21:06:08;0.13
2022-09-14 23:06:08;0.24
2022-09-15 01:06:07;0.26
2022-09-15 03:06:12;0.28
2022-09-15 05:06:11;0.18
2022-09-15 07:06:11;0.29
2022-09-15 09:06:11;0.33
2022-09-15 11:06:10;0.24
2022-09-15 13:06:09;0.19
2022-09-15 15:06:08;0.27
2022-09-15 17:06:08;0.32
2022-09-15 19:06:08;0.29
2022-09-15 21:06:08;0.24
2022-09-15 23:06:08;0.26
2022-09-16 01:06:09;0.23
2022-09-16 03:06:13;0.29
2022-09-16 05:06:12;0.27
2022-09-16 07:06:12;0.22
2022-09-16 09:06:12;0.29
2022-09-16 11:06:10;0.26
2022-09-16 13:06:10;0.24
2022-09-16 15:06:09;0.33
2022-09-16 17:06:10;0.23
2022-09-16 19:06:09;0.35
2022-09-16 21:06:10;0.32
2022-09-16 23:06:09;0.22
2022-09-17 01:06:09;0.29
2022-09-17 03:06:12;0.14
2022-09-17 05:06:12;0.37
2022-09-17 07:06:12;0.35
2022-09-17 09:06:12;0.38
2022-09-17 11:06:11;0.29
2022-09-17 13:06:10;0.15
2022-09-17 15:06:09;0.27
2022-09-17 17:06:09;0.21
2022-09-17 19:06:09;0.35
2022-09-17 21:06:09;0.25
2022-09-17 23:06:09;0.28
2022-09-18 01:06:09;0.35
2022-09-18 03:06:13;0.27
2022-09-18 05:06:12;0.21
2022-09-18 07:06:12;0.26
2022-09-18 09:06:12;0.31
2022-09-18 11:06:11;0.3
2022-09-18 13:06:09;0.11
2022-09-18 15:06:08;0.18
2022-09-18 17:06:09;0.31
2022-09-18 19:06:08;0.31
2022-09-18 21:06:09;0.35
2022-09-18 23:06:09;0.33
2022-09-19 01:06:09;0.16
2022-09-19 03:06:12;0.31
2022-09-19 05:06:11;0.32
2022-09-19 07:06:12;0.27
2022-09-19 09:06:11;0.36
2022-09-19 11:06:09;0.3
2022-09-19 13:06:09;0.09
2022-09-19 15:06:09;0.32
2022-09-19 17:06:08;0.16
2022-09-19 19:06:08;0.22
2022-09-19 21:06:09;0.43
2022-09-19 23:06:08;0.31
2022-09-20 01:06:08;0.12
2022-09-20 03:06:13;0.25
2022-09-20 05:06:13;0.24
2022-09-20 07:06:12;0.22
2022-09-20 09:06:12;0.24
2022-09-20 11:06:11;0.3
2022-09-20 13:06:11;0.28
2022-09-20 15:06:09;0.22
2022-09-20 17:06:09;0.27
2022-09-20 19:06:10;0.21
2022-09-20 21:06:09;0.3
2022-09-20 23:06:10;0.34
2022-09-21 01:06:10;0.24
2022-09-21 03:06:12;0.34
2022-09-21 05:06:12;0.17
2022-09-21 07:06:12;0.28
2022-09-21 09:06:11;0.39
2022-09-21 11:06:11;0.25
2022-09-21 13:06:10;0.05
2022-09-21 15:06:08;0.09
2022-09-21 17:06:08;0.3
2022-09-21 19:06:08;0.33
2022-09-21 21:06:08;0.25
2022-09-21 23:06:08;0.21
2022-09-22 01:06:09;0.36
2022-09-22 03:06:12;0.06
2022-09-22 05:06:12;0.09
2022-09-22 07:06:12;0.25
2022-09-22 09:06:11;0.26
2022-09-22 11:06:11;0.17
2022-09-22 13:06:09;0.15
2022-09-22 15:06:08;0.29
2022-09-22 17:06:08;0.28
2022-09-22 19:06:08;0.17
2022-09-22 21:06:08;0.35
2022-09-22 23:06:09;0.28
2022-09-23 01:06:08;0.29
2022-09-23 03:06:13;0.15
2022-09-23 05:06:12;0.19
2022-09-23 07:06:12;0.19
2022-09-23 09:06:13;0.24
2022-09-23 11:06:11;0.25
2022-09-23 13:06:10;0.25
2022-09-23 15:06:10;0.34
2022-09-23 17:06:10;0.29
2022-09-23 19:06:09;0.28
2022-09-23 21:06:09;0.34
2022-09-23 23:06:09;0.24
2022-09-24 01:06:09;0.21
2022-09-24 03:06:12;0.3
2022-09-24 05:06:12;0.12
2022-09-24 07:06:10;0.25
2022-09-24 09:06:11;0.04
2022-09-24 11:06:10;0.3
2022-09-24 13:06:09;0.27
2022-09-24 15:06:09;0.29
2022-09-24 17:06:08;0.18
2022-09-24 19:06:09;0.19
2022-09-24 21:06:08;0.22
2022-09-24 23:06:08;0.24
2022-09-25 01:06:08;0.22
2022-09-25 03:06:12;0.13
2022-09-25 05:06:12;0.26
2022-09-25 07:06:12;0.21
2022-09-25 09:06:12;0.19
2022-09-25 11:06:11;0.27
2022-09-25 13:06:10;0.23
2022-09-25 15:06:09;0.23
2022-09-25 17:06:09;0.3
2022-09-25 19:06:09;0.18
2022-09-25 21:06:09;0.19
2022-09-25 23:06:09;0.33
2022-09-26 01:06:09;0.33
2022-09-26 03:06:13;0.28
2022-09-26 05:06:12;0.11
2022-09-26 07:06:12;0.24
2022-09-26 09:06:12;0.3
2022-09-26 11:06:11;0.29
2022-09-26 13:06:11;0.27
2022-09-26 15:06:11;0.33
2022-09-26 17:06:10;0.29
2022-09-26 19:06:10;0.29
2022-09-26 21:06:10;0.39
2022-09-26 23:06:10;0.28
2022-09-27 01:06:09;0.25
2022-09-27 03:06:13;0.22
2022-09-27 05:06:13;0.19
2022-09-27 07:06:12;0.28
2022-09-27 09:06:13;0.13
2022-09-27 11:06:11;0.16
2022-09-27 13:06:11;0.34
2022-09-27 15:06:10;0.24
2022-09-27 17:06:10;0.38
2022-09-27 19:06:10;0.35
2022-09-27 21:06:10;0.18
2022-09-27 23:06:10;0.26
2022-09-28 01:06:10;0.28
2022-09-28 03:06:14;0.3
2022-09-28 05:06:12;0.23
2022-09-28 07:06:12;0.23
2022-09-28 09:06:11;0.27
2022-09-28 11:06:11;0.22
2022-09-28 13:06:10;0.14
2022-09-28 15:06:09;0.13
2022-09-28 17:06:09;0.29
2022-09-28 19:06:09;0.3
2022-09-28 21:06:09;0.45
2022-09-28 23:06:09;0.34
2022-09-29 01:06:09;0.34
2022-09-29 03:06:12;0.33
2022-09-29 05:06:12;0.12
2022-09-29 07:06:13;0.33
2022-09-29 09:06:12;0.33
2022-09-29 11:06:11;0.34
2022-09-29 13:06:11;0.28
2022-09-29 15:06:10;0.35
2022-09-29 17:06:10;0.29
2022-09-29 19:06:10;0.31
2022-09-29 21:06:10;0.27
2022-09-29 23:06:09;0.24
2022-09-30 01:06:09;0.3
2022-09-30 03:06:13;0.18
2022-09-30 05:06:13;0.21
2022-09-30 07:06:13;0.4
2022-09-30 09:06:13;0.28
2022-09-30 11:06:11;0.19
2022-09-30 13:06:10;0.12
2022-09-30 15:06:09;0.18
2022-09-30 17:06:09;0.28
2022-09-30 19:06:09;0.33
2022-09-30 21:06:09;0.27
2022-09-30 23:06:10;0.23
2022-10-01 01:06:09;0.28
2022-10-01 03:06:13;0.22
2022-10-01 05:06:13;0.27
2022-10-01 07:06:12;0.11
2022-10-01 09:06:11;0.25
2022-10-01 11:06:10;0.15
2022-10-01 13:06:11;0.21
2022-10-01 15:06:09;0.2
2022-10-01 17:06:10;0.14
2022-10-01 19:06:09;0.35
2022-10-01 21:06:09;0.35
2022-10-01 23:06:09;0.22
2022-10-02 01:06:09;0.24
2022-10-02 03:06:13;0.22
2022-10-02 05:06:12;0.07
2022-10-02 07:06:12;0.31
2022-10-02 09:06:11;0.17
2022-10-02 11:06:11;0.29
2022-10-02 13:06:11;0.31
2022-10-02 15:06:10;0.21
2022-10-02 17:06:10;0.3
2022-10-02 19:06:10;0.31
2022-10-02 21:06:09;0.21
2022-10-02 23:06:09;0.25
2022-10-03 01:06:09;0.09
2022-10-03 03:06:14;0.25
2022-10-03 05:06:13;0.18
2022-10-03 07:06:13;0.2
2022-10-03 09:06:13;0.27
2022-10-03 11:06:12;0.35
2022-10-03 13:06:11;0.38
2022-10-03 15:06:10;0.28
2022-10-03 17:06:10;0.22
2022-10-03 19:06:10;0.32
2022-10-03 21:06:11;0.32
2022-10-03 23:06:11;0.31
2022-10-04 01:06:10;0.39
2022-10-04 03:06:12;0.27
2022-10-04 05:06:12;0.34
2022-10-04 07:06:12;0.3
2022-10-04 09:06:12;0.17
2022-10-04 11:06:11;0.15
2022-10-04 13:06:10;0.19
2022-10-04 15:06:09;0.22
2022-10-04 17:06:11;0.22
2022-10-04 19:06:09;0.31
2022-10-04 21:06:09;0.18
2022-10-04 23:06:08;0.29
2022-10-05 01:06:08;0.23
2022-10-05 03:06:13;0.33
2022-10-05 05:06:12;0.22
2022-10-05 07:06:12;0.28
2022-10-05 09:06:12;0.31
2022-10-05 11:06:11;0.24
2022-10-05 13:06:11;0.17
2022-10-05 15:06:09;0.26
2022-10-05 17:06:09;0.24
2022-10-05 19:06:09;0.21
2022-10-05 21:06:09;0.41
2022-10-05 23:06:10;0.29
2022-10-06 01:06:08;0.17
2022-10-06 03:06:12;0.25
2022-10-06 05:06:11;0.2
2022-10-06 07:06:12;0.41
2022-10-06 09:06:11;0.38
2022-10-06 11:06:10;0.21
2022-10-06 13:06:09;0.22
2022-10-06 15:06:08;0.09
2022-10-06 17:06:08;0.29
2022-10-06 19:06:08;0.19
2022-10-06 21:06:09;0.29
2022-10-06 23:06:08;0.32
2022-10-07 01:06:09;0.18
2022-10-07 03:06:13;0.23
2022-10-07 05:06:12;0.17
2022-10-07 07:06:12;0.26
2022-10-07 09:06:11;0.3
2022-10-07 11:06:11;0.31
2022-10-07 13:06:09;0.34
2022-10-07 15:06:09;0.13
2022-10-07 17:06:08;0.22
2022-10-07 19:06:09;0.35
2022-10-07 21:06:09;0.36
2022-10-07 23:06:09;0.19
2022-10-08 01:06:09;0.17
2022-10-08 03:06:13;0.11
2022-10-08 05:06:12;0.27
2022-10-08 07:06:12;0.22
2022-10-08 09:06:12;0.27
2022-10-08 11:06:11;0.27
2022-10-08 13:06:09;0.15
2022-10-08 15:06:08;0.24
2022-10-08 17:06:08;0.29
2022-10-08 19:06:09;0.27
2022-10-08 21:06:09;0.28
2022-10-08 23:06:08;0.36
2022-10-09 01:06:09;0.33
2022-10-09 03:06:12;0.2
2022-10-09 05:06:13;0.26
2022-10-09 07:06:12;0.34
2022-10-09 09:06:12;0.25
2022-10-09 11:06:11;0.12
2022-10-09 13:06:09;0.24
2022-10-09 15:06:08;0.26
2022-10-09 17:06:08;0.25
2022-10-09 19:06:09;0.13
2022-10-09 21:06:08;0.35
2022-10-09 23:06:09;0.32
2022-10-10 01:06:08;0.18
2022-10-10 03:06:13;0.17
2022-10-10 05:06:12;0.21
2022-10-10 07:06:12;0.37
2022-10-10 09:06:11;0.32
2022-10-10 11:06:10;0.25
2022-10-10 13:06:10;0.24
2022-10-10 15:06:09;0.32
2022-10-10 17:06:09;0.2
2022-10-10 19:06:09;0.34
2022-10-10 21:06:09;0.3
2022-10-10 23:06:08;0.28
2022-10-11 01:06:08;0.1
2022-10-11 03:06:12;0.3
2022-10-11 05:06:12;0.1
2022-10-11 07:06:11;0.18
2022-10-11 09:06:11;0.31
2022-10-11 11:06:11;0.2
2022-10-11 13:06:09;0.12
2022-10-11 15:06:09;0.2
2022-10-11 17:06:08;0.13
2022-10-11 19:06:08;0.14
2022-10-11 21:06:09;0.23
2022-10-11 23:06:09;0.23
2022-10-12 01:06:09;0.21
2022-10-12 03:06:13;0.29
2022-10-12 05:06:13;0.17
2022-10-12 07:06:12;0.14
2022-10-12 09:06:12;0.32
2022-10-12 11:06:11;0.33
2022-10-12 13:06:09;0.22
2022-10-12 15:06:09;0.18
2022-10-12 17:06:09;0.32
2022-10-12 19:06:09;0.25
2022-10-12 21:06:10;0.31
2022-10-12 23:06:09;0.3
2022-10-13 01:06:09;0.31
2022-10-13 03:06:12;0.13
2022-10-13 05:06:11;0.16
2022-10-13 07:06:11;0.23
2022-10-13 09:06:10;0.28
2022-10-13 11:06:10;0.11
2022-10-13 13:06:10;0.3
2022-10-13 15:06:09;0.25
2022-10-13 17:06:09;0.19
2022-10-13 19:06:09;0.25
